num,addresse,branche,filiere,company,description,etudiant,niveau,semestre,sujet,tuteur,done,confidentiel,country,city
4987,"68, rue Martin Bourgeois
4195 Guillet
MARTINIQUE",Informatique,Nostrum consequatur dolores accusantium est vel.,Goncalves,Alias est quis suscipit. Et aut sint repellat nihil. Et nobis quaerat exercitationem cum ut quia hic. Et molestiae dignissimos omnis harum eveniet.,Maryse Goncalves,projet de fin d'étude,P1995,Cum corporis quo accusamus ipsum deleniti voluptas earum similique.,Maryse Hardy,x, ,OUZBÉKISTAN,Munoz-sur-Laporte
6631,"90, boulevard Raymond
1619 Chartier
SAHARA OCCIDENTAL",Tronc Commun,Assumenda quidem aut quasi nihil officia voluptas et.,Descamps,Et blanditiis vel et atque fuga alias. Deleniti vitae exercitationem ea perspiciatis illum. Quas animi omnis et earum. Sunt in exercitationem consequuntur voluptatibus placeat.,Marc Blanchard,stage ouvrier,A1994,Ut sint aut commodi sit facilis.,Marc Le Laporte,x, ,MEXIQUE,Barre-la-Forêt
5977,"27, rue de Lemoine
1239 Verdier
DJIBOUTI",Informatique,Vel illum voluptatem omnis eum est provident nihil.,Maurice,Nisi est nemo quis. Commodi blanditiis qui eos cupiditate recusandae eligendi. Quo dolorem voluptatem est nisi harum iure est. Et reprehenderit sed rem aut.,Michel Guillon,stage ouvrier,A1980,Natus sit eaque dolorum exercitationem.,Jacqueline Vasseur,x, ,ROYAUME-UNI,Etienne
4680,"20, avenue Michel
4216 Hoareau
RUSSIE",Mécanique,Incidunt impedit nemo a.,Morel,Vero velit omnis nisi minus quod iure. Et non voluptas cupiditate doloribus a ex exercitationem. Deleniti vel voluptates totam est. Esse exercitationem explicabo labore iste.,Christelle du Roy,ouvrier,A2009,Voluptatibus autem non in quis.,Chantal Bernard,x, ,FRANCE,Pelletiernec
1643,"95, avenue Jacquet
2688 Thierry
ANTIGUA ET BARBUDA",Mécanique,Voluptatibus quibusdam ducimus deleniti qui excepturi accusantium.,Ferrand Techer SARL,Porro ratione molestias accusantium labore nesciunt architecto. Id eaque aut aperiam inventore et repudiandae. Molestiae voluptate magni sint tenetur rem et ipsam sunt.,Bertrand Guillaume,ouvrier,A2001,Velit eius excepturi nisi.,Laetitia Cousin,x, ,HONG KONG,Raymond-la-Forêt
4192,"7, rue Benjamin Dias
1424 Lesagenec
BERMUDES (LES)",Mécanique,Debitis illo totam qui blanditiis.,Ollivier Vaillant SA,Magni consequatur aut quo. Et debitis et laudantium et sit quo eum. Sapiente possimus ex accusantium aut iste ut. Aliquam quo nulla beatae quaerat quia qui.,Adèle Leveque,projet de fin d'étude,A1983,Sunt ducimus eius error facilis velit.,Stéphane Breton, , ,GUATEMALA,David
2671,"77, rue Noémi Chevallier
872 Gautier
ARUBA",Mécanique,Eligendi voluptatem earum quas esse qui est.,Masse,Nemo dolor consequuntur sunt dolorum aut. Qui dolor est sit expedita illum est esse molestias. Id minima animi esse in vel odit. Adipisci sit occaecati eaque praesentium quis mollitia.,Nath Dos Santos,ouvrier,A1977,Tenetur odit in sint dolor fuga.,Catherine Duhamel,x, ,BANGLADESH,Parent
4012,"19, boulevard Adrien Briand
4884 Leveque
VIERGES BRITANNIQUES (ÎLES)",Mécanique,Molestias error omnis voluptatem error.,Seguin Herve SA,Quos consequatur vitae suscipit omnis quia eaque id. Libero architecto id velit suscipit. Non architecto qui odio aut.,Élodie Guillaume,stage ouvrier,P2006,Qui quas rerum omnis id iusto ea dolorem.,Nath Valette-Briand,x, ,MONGOLIE,Marie
9480,"551, chemin de Lopez
4062 Poirier
PÉROU",Mécanique,Magni modi eius illum ducimus.,Deschamps,Ut sunt cupiditate fugit. Itaque facere fuga voluptatem magnam ab aut. Impedit eligendi quisquam aut asperiores non sint perspiciatis.,Geneviève Alves,stage ouvrier,P2005,Praesentium aut et et.,Philippe Bazin,x, ,CUBA,Grondin
5712,"225, chemin de Dupuis
3041 Rossi-sur-Mer
ARMÉNIE",Mécanique,Iure facilis blanditiis nobis eveniet voluptas consequatur.,Pons,Voluptas sit non asperiores natus blanditiis. Illum cumque ipsam accusantium nihil. Illo est quos vitae maxime amet.,Marie Hardy,ouvrier,A2007,Blanditiis expedita sunt aliquid numquam necessitatibus nemo.,Henri Collin, , ,MOZAMBIQUE,Lopes
5782,"rue Launay
4923 Salmon
CAP VERT",Mécanique,Non velit provident eveniet dolor.,Gomez S.A.S.,Aspernatur expedita quia sunt totam. Aliquam tempora et sunt id. Voluptas ut voluptatem aut non in. Ipsum et quod et beatae cupiditate quae.,Denise Hoarau-Leduc,projet de fin d'étude,P2005,Sunt molestiae et quas facere.,Louise Julien,x, ,SAINT-KITTS ET NEVIS,Gomez-sur-Laine
2745,"999, boulevard Caroline Evrard
2225 Hamelboeuf
NORFOLK (ÎLES)",Tronc Commun,Voluptas aut cumque et porro reiciendis.,Gillet S.A.S.,"Quas sapiente dolorem et quasi eveniet deleniti. Sint occaecati quas aut eos et provident quo.
Quia nulla quisquam eum et. Odit et est eaque. Libero sit qui reiciendis.",Michèle Roger,ouvrier,P1982,Magni iusto et quo ratione rem amet.,Vincent Besson,x, ,NORVÈGE,Chauvin
5183,"90, rue Richard
2992 Bertin
SAMOA",Informatique,Eligendi vitae nihil eligendi assumenda.,Francois,Deleniti aliquid ut incidunt sed qui et saepe. Ratione nulla reprehenderit ut cum. Dolores labore officiis dolorem sapiente deleniti. Quae dicta est quo est numquam excepturi.,Olivie Martel,ouvrier,P1991,At velit corporis in soluta.,Laure Maurice, , ,MACÉDOINE,Blondel
5576,"rue Suzanne Voisin
6561 Lemairenec
NICARAGUA",Tronc Commun,Eos asperiores non quia qui.,Briand S.A.S.,Ut aut consequatur sed. Quia voluptatem et itaque temporibus dignissimos eum animi. Ut illum autem qui suscipit quia omnis soluta. Ex est autem cum reprehenderit magnam vel.,Marine de Mallet,ouvrier,A1990,Repellat voluptate sed corporis eligendi repellendus placeat.,Lorraine Gomez, , ,UKRAINE,PicardVille
525,"rue de Gaudin
6265 Sanchez
BAHAMAS",Mécanique,Ut optio quis magni quo.,Boyer,Culpa harum voluptas occaecati non voluptatem temporibus porro maiores. Quo aliquam a nemo dolorum rem pariatur. Deserunt at non ea sequi aut sit voluptatem. Pariatur quidem magnam minus sit dolores.,Christiane Charrier-Begue,ouvrier,A2006,Consectetur atque facilis pariatur aliquid.,Charlotte Leger,x, ,INDE,Texierdan
4791,"30, rue de Legrand
1291 Gallet
BOTSWANA",Tronc Commun,Quod velit omnis molestiae corrupti repudiandae voluptatem.,Lucas Fleury SA,Rerum sed nihil est unde. Maxime voluptas fugit autem et labore vitae. Modi et sed maxime exercitationem nemo animi dolorum.,Valérie Girard,ouvrier,A2001,Enim nesciunt ullam quisquam nemo natus.,Chantal Arnaud,x, ,SINGAPOUR,Herve
1136,"chemin de Duval
1232 LopesVille
RUSSIE",Informatique,Nam harum molestias itaque quam eum.,Vasseur,Quibusdam magni ut eius suscipit odit nostrum cupiditate. Atque distinctio velit earum in voluptatibus omnis dicta ea. Voluptatem enim eos quidem. Maxime officia quae ea atque sed id odio.,Alex Blanc,stage ouvrier,A1997,Iure soluta voluptatem tempore velit.,Lucie Breton,x, ,QATAR,Guyot
1048,"242, boulevard Auguste Mathieu
5446 Pinto
RWANDA",Mécanique,Dolores molestiae enim ipsa.,Philippe Ollivier S.A.R.L.,Officiis aliquid quisquam voluptas quos sint temporibus. Officia aut sed consectetur facilis est inventore. Architecto odio aut voluptatem ea. Nobis quia temporibus quia.,Marcelle Royer,stage ouvrier,A2004,Ut quasi doloremque dicta.,Claire Lenoir, , ,ZIMBABWE,Colinnec
6613,"7, rue Perez
4708 Meunier
PAPOUASIE-NOUVELLE-GUINÉE",Tronc Commun,Inventore omnis consectetur molestiae voluptas distinctio incidunt.,Royer,Illum enim id ut adipisci. Enim ut veniam excepturi cum dignissimos aut voluptatem. Sit odio architecto voluptates et nobis nam.,Agathe Royer,projet de fin d'étude,A1999,Laboriosam rem quibusdam ipsam explicabo pariatur aliquid.,Audrey Auger,x, ,LIECHTENSTEIN,Vincent
5052,"3, boulevard Louis
5099 Delattre
GUYANE FRANÇAISE",Mécanique,Delectus id officiis quidem sit rerum sed.,Collet,Voluptatem ipsum numquam ea. Voluptas optio id repellendus reprehenderit dolorem. Quaerat enim provident necessitatibus officiis. Aliquid culpa consectetur deserunt aut quo dignissimos.,Françoise Valentin,ouvrier,P2014,Quae vero id quis omnis sed eius eveniet.,Lucie Garnier,x,x,BELGIQUE,Simon
3612,"68, chemin de Da Silva
3212 Perez
CAMEROUN",Informatique,Nulla perferendis doloribus doloribus impedit.,Humbert Leconte S.A.R.L.,Repellat voluptatem totam et eos molestiae et. Blanditiis temporibus doloremque ea ut. Autem voluptatibus et necessitatibus illo natus. Vel est labore veniam provident id aut ipsum.,Henri Dufour,stage ouvrier,A1983,Et et molestiae nisi corrupti quo qui.,Denis Pelletier, , ,LAOS,Michaud
3678,"50, rue Morin
4462 Texierboeuf
PÉROU",Tronc Commun,Dignissimos libero aliquid non aut nihil velit.,Jacob Jacques et Fils,Et ipsa tenetur alias voluptate quia saepe. Quibusdam ut sit voluptatem quod.,Xavier Martin,ouvrier,A2011,Et dolor porro fugiat omnis nulla.,Jacqueline Godard, , ,FIDJI (RÉPUBLIQUE DES),Charrier-sur-Begue
3748,"526, rue de Gauthier
3837 Jourdan-sur-Toussaint
BULGARIE",Informatique,Sunt ut quis dicta.,Guillet,Velit ut aut qui et. Voluptatem perspiciatis magnam reprehenderit facere voluptatem molestiae beatae. Omnis omnis non non dolorem harum voluptate. Delectus quo fugiat in quia consequatur eos.,Maurice-Frédéric Jacquot,ouvrier,A2014,Ut tenetur vel atque atque sunt reiciendis ea.,Maurice Levy,x, ,PARAGUAY,Albert
1758,"878, rue Sophie Muller
4793 Becker-la-Forêt
COSTA RICA",Tronc Commun,Aspernatur tenetur soluta quasi iste itaque.,Bernier S.A.,Accusamus quo nemo ea. Sit animi totam inventore omnis odit. Vel vitae mollitia deleniti corrupti id aut est maiores.,Stéphane Fischer,ouvrier,A1982,Et repudiandae unde quia qui eos totam.,Adrienne-Frédérique Rodriguez,x, ,ZIMBABWE,Beckerdan
4126,"boulevard de Carre
1774 Gerard-sur-Mer
MYANMAR",Mécanique,Eos nulla quis et.,Jean,Et veritatis nam aut qui sit unde fugit. Voluptatibus et aperiam nulla et. Corporis voluptatibus facilis consequatur iusto suscipit eum dolor.,Capucine Le Roux,projet de fin d'étude,A2015,Blanditiis unde iusto ratione.,Marthe Laurent,x, ,PAKISTAN,Roux-sur-Jean
6793,"602, boulevard de Gillet
2738 Hubert
TERRITOIRES FRANÇAIS DU SUD",Informatique,Et qui minus eius molestias quasi.,Brun,Similique aspernatur numquam id ratione reiciendis. Aut repellendus consequatur consequatur. Aperiam et nisi velit laborum non iusto.,Gabrielle-Auguste Delannoy,ouvrier,A1970,Voluptatem sit excepturi dolorum id odit.,David Peltier,x, ,GUATEMALA,Leleu-la-Forêt
9449,"70, chemin Renaud
2833 Lebon
HONDURAS",Informatique,Optio dolores reprehenderit impedit dignissimos.,Mathieu,Ut optio perspiciatis nihil rerum suscipit sit. Temporibus velit est mollitia. Et dolore reiciendis autem quia.,Arthur de Lejeune,ouvrier,A1972,Aut eveniet saepe minus earum voluptatibus sit voluptas.,Arthur Vallee, , ,PAPOUASIE-NOUVELLE-GUINÉE,Guerin
20,"74, boulevard De Sousa
502 Imbertboeuf
JAMAÏQUE",Informatique,Pariatur aut consequatur cum dolore doloremque amet.,Jean Roussel SARL,Quia provident et est corporis minus ipsum. Sequi eveniet temporibus aut rerum alias deserunt voluptatem. Ut rerum voluptatem nisi.,Joséphine Dupuis,stage ouvrier,P2007,Maxime qui eius eveniet ut eum.,Louise Lebrun,x, ,CORÉE DU NORD,GillesVille
5935,"15, avenue Joseph Lemaitre
5766 Samson
NOUVELLE-ZÉLANDE",Mécanique,Sed ad odio perspiciatis.,Nicolas,Molestias fugit non mollitia id quidem saepe. Occaecati explicabo necessitatibus quis facere debitis. Animi quae autem earum autem molestiae est deleniti. Sed iste tempora eum.,Dominique Rocher,stage ouvrier,P1997,Placeat ut explicabo minus.,Marcelle Le Bonnin, , ,SEYCHELLES,Robert
1001,"37, rue de Gimenez
1668 Legrandboeuf
SURINAME",Mécanique,Occaecati numquam voluptatem molestiae deserunt.,Normand,Dolorem eum quibusdam rerum provident quis nemo. Accusantium quae voluptates occaecati. Quia reiciendis corporis eligendi.,Josette Leroux,stage ouvrier,A2013,Natus voluptatum reprehenderit voluptatum saepe quia.,Alfred Brun, , ,CAMEROUN,Dos Santos
7437,"62, rue Michel
1013 Nguyen
ÉGYPTE",Informatique,Non non similique et delectus.,Hubert,Est autem maxime voluptate. Quo fugiat nemo et voluptatem quidem dolor cumque. Non eos qui id sequi quia quos. Et et maxime quibusdam et nostrum reprehenderit.,Jules Deschamps,stage ouvrier,P1991,Corporis sit et explicabo perferendis harum.,Victoire Ledoux,x, ,MARIANNES DU NORD (ÎLES),Mary
71,"52, chemin Colas
5797 Philippedan
ISRAËL",Mécanique,Aliquam eligendi ducimus corrupti corrupti.,Parent,Corporis maiores modi ab ipsam velit maxime dolorem rerum. Tenetur quod dignissimos quia quia aut dolor dolores. Velit nesciunt molestiae quisquam omnis. Et enim fugit quis.,Louis Lecoq-Marty,stage ouvrier,P1997,Illo magnam ratione architecto deserunt repudiandae culpa dolores.,Robert Le Roux, , ,OUZBÉKISTAN,Lacroix
5858,"28, boulevard Marie
6711 Martin
BENIN",Informatique,Ab iure et vitae porro aut cum.,Duval Lacombe SARL,Quas accusantium architecto rerum qui id. Quia numquam facere et sint. Sit in porro voluptas in facilis. Alias impedit delectus voluptas ut iste cumque.,Julien Legendre,stage ouvrier,P1972,Illo eaque maiores repellat voluptas quos repellendus.,Luce Humbert,x, ,HONDURAS,Noel-les-Bains
1698,"88, boulevard Maurice Le Roux
4929 HoarauBourg
ISLANDE",Tronc Commun,Ut corrupti quibusdam placeat velit itaque.,Normand,Sit modi nisi quo unde doloribus aut. Odio incidunt cum eligendi. Excepturi expedita iste rem qui suscipit aspernatur eum.,Louis du Bonneau,stage ouvrier,P1971,Repudiandae iure qui odio.,Joséphine Brunel, , ,NIUE,Denis-la-Forêt
7595,"260, chemin de Fouquet
5457 Hardy
BAHAMAS",Mécanique,Consequatur est est natus expedita et.,Petitjean SARL,Quisquam veritatis quis quam laudantium impedit. Aut nulla sunt omnis et. Nam velit consequatur nam modi id veniam. Corrupti dolores corrupti fugit. Expedita provident aut commodi debitis.,Juliette Regnier,stage ouvrier,P1996,Molestiae esse autem et sunt quisquam qui quidem.,Zacharie Roux,x, ,AUTRICHE,Renault-les-Bains
9461,"774, rue de Adam
3593 Pierre
ARABIE SAOUDITE",Informatique,Distinctio placeat itaque sunt omnis.,Lopez,Et rerum ducimus blanditiis rerum. Et qui quisquam tempora quo harum cupiditate dolorem cum.,Grégoire Fernandez,stage ouvrier,P1990,Ut odit dolor distinctio numquam voluptas ex aliquid.,Valérie Jacob,x, ,ALLEMAGNE,Perret
1799,"avenue Pénélope Adam
6142 Aubert
NAMIBIE",Tronc Commun,Sapiente veniam fugit cum iste sit.,Lacombe Fouquet SA,Repudiandae et minus qui quis cumque et. Quod voluptate iusto quaerat est. Dolorum sint non voluptate quia.,Augustin de Le Goff,projet de fin d'étude,A2001,Quia commodi et eaque et deleniti optio vel quos.,Agnès Valentin,x, ,MADAGASCAR,JourdanVille
5076,"904, avenue Bouvier
3335 Lamy
GUADELOUPE",Informatique,Ea ipsam consequatur nisi laboriosam.,Guillon SARL,Dicta a dignissimos earum debitis vel. Ea sint perspiciatis accusantium deserunt in ut voluptas. Ea reiciendis incidunt dolorum.,Nathalie Le Durand,stage ouvrier,A2006,Eum dolor labore repudiandae.,Denise Collet,x, ,ITALIE,Allain
5128,"65, boulevard Lagarde
3790 ParisVille
NAMIBIE",Mécanique,Similique eos reprehenderit nihil totam et non.,Grondin Masson S.A.,Quae sed occaecati laboriosam aut. Temporibus ut velit nulla quia consectetur. Quis molestiae eligendi illo neque.,Jacques Didier,stage ouvrier,A2008,Voluptate architecto porro alias.,Raymond Texier, , ,TAIWAN,Payet
8541,"87, rue Roland Laroche
5699 Rossi-sur-Lopes
BOSNIE-HERZÉGOVINE",Informatique,Iure unde minima omnis.,Pichon,Quidem dolorem quia quasi iure. Exercitationem officiis quas voluptates fugiat aut. Et quam quis et aut.,Christiane-Océane Pelletier,projet de fin d'étude,P1979,Culpa quia et rerum cumque nobis et dolorem.,Hugues Thomas,x,x,FALKLAND (ÎLE),Dupuis-sur-Mer
621,"rue de Remy
1438 Martinez
KAZAKHSTAN",Mécanique,Quia magnam rerum velit dolorem provident ratione.,Guillet,Itaque aliquam quibusdam praesentium doloribus. Reprehenderit ut est sit eaque amet. Aperiam ipsam eum repellendus voluptates.,Xavier Le Bouchet,ouvrier,A2008,Est non qui dolor repellendus iusto rerum doloribus.,Martin Vidal, , ,BERMUDES (LES),Petitjean-sur-Faure
2002,"7, rue Guillou
5670 DelannoyBourg
ANTILLES NÉERLANDAISES",Informatique,Eius quis blanditiis vel enim itaque.,Moreno,Est reprehenderit quia sunt maiores. Quibusdam reiciendis eum in quo voluptatem. Quae qui iste rem veniam nihil.,Denise de Ruiz,projet de fin d'étude,A2009,Ut aut blanditiis exercitationem iure et.,Arthur Delmas,x, ,BURUNDI,Vincent
486,"4, avenue de Weiss
5763 Dupre-sur-Bernard
TERRITOIRE BRITANNIQUE DE L'OCÉAN INDIEN",Tronc Commun,Maxime recusandae officiis sequi aliquam quaerat dolor.,Godard S.A.S.,Architecto quia incidunt aut enim magni omnis. Et ducimus est dicta dolorem et. Eius fuga officiis quam nulla veniam ut quos. Optio autem et assumenda optio.,Hortense Ruiz-Pineau,stage ouvrier,A2004,Laudantium non commodi sit eos.,Madeleine-Adèle Lamy,x, ,BELGIQUE,Lelievre-sur-Leclercq
3271,"317, avenue Tanguy
2018 Poirier
MARIANNES DU NORD (ÎLES)",Informatique,Ut animi quas amet dolor est omnis.,Tessier Mace S.A.,Minus est mollitia itaque omnis laudantium odit qui. Maiores laudantium quis sunt odit natus aliquid ad. Vel aut assumenda aut quos voluptate.,Yves-Aimé Carre,ouvrier,P1972,Laudantium sed provident voluptatem eos ut ex aut.,Henriette Gregoire,x, ,VATICAN (ETAT DU),BouvetVille
3170,"26, rue de Lagarde
4390 Alexandre
SAINTE LUCIE",Mécanique,Laudantium deserunt et qui id ab.,Rossi,Nostrum aliquam ut ex sint. Eos soluta aut praesentium consequuntur vero dolores ea. Consequuntur eligendi rerum consequuntur sit.,Nathalie Bigot,stage ouvrier,A1980,Ipsum tempore aliquam laborum eius qui et ut.,Claudine-Patricia Gregoire,x,x,MOLDAVIE,Pires-sur-Mer
7264,"28, boulevard Bernier
301 Langlois-les-Bains
RUSSIE",Informatique,Vero et voluptatem harum vel.,Vasseur SA,Animi dolorum at doloribus dolorem eos. Et eveniet qui quia blanditiis est rem. Recusandae voluptatem ut neque nesciunt quo. Sit rem aut non quasi non qui.,Lucie Gregoire,projet de fin d'étude,A1986,Quia ipsam id eveniet cumque.,Isabelle Brunet,x, ,MALDIVES (ÎLES),Dupont-la-Forêt
844,"24, boulevard Arnaud
1639 Pires
JAMAÏQUE",Tronc Commun,Optio voluptatem sed tempore illum nemo autem.,Seguin,Dolorem perspiciatis dolorum esse beatae molestias. Unde praesentium totam in voluptas inventore ducimus. Nihil soluta molestiae et a consequatur.,Élodie Lamy,projet de fin d'étude,A1976,At qui voluptatem et sed praesentium fugiat exercitationem.,Michèle Leleu,x, ,POLOGNE,Francois
3343,"1, chemin de Klein
420 Leroy-sur-Buisson
VANUATU",Informatique,Unde facere minus fuga culpa et.,Bonneau,Deserunt exercitationem aut et eaque eos exercitationem. Enim saepe architecto officiis eveniet commodi. Voluptas quis quae maiores voluptas voluptas. Provident voluptatum facere iusto.,Xavier-Roland Begue,ouvrier,A2003,Nulla cum eligendi nulla id veniam voluptatem.,Renée Charpentier,x, ,HONG KONG,Menardboeuf
8012,"82, boulevard Arnaude Hamel
5881 Francois-sur-Leblanc
TUVALU",Mécanique,Quasi recusandae deleniti in esse ea sit.,Marie S.A.R.L.,Qui aut tenetur ut nostrum sapiente non quaerat. Consequatur sed accusantium similique esse temporibus laboriosam eum. Et sit facere earum.,daisy Pineau,stage ouvrier,P1980,Eius quo praesentium omnis.,Henriette Maillot,x, ,TRINITÉ ET TOBAGO,Perrier
9639,"36, chemin Diallo
406 Becker
SÉNÉGAL",Informatique,Dicta omnis quod vel.,Breton Thibault SARL,Quasi eos ex eveniet qui. Omnis quae exercitationem et qui nostrum. Suscipit natus vel voluptates modi sunt assumenda iusto.,Charles Merle,stage ouvrier,P1979,Veritatis quis tenetur at officia.,Denise-Sabine Delannoy,x, ,TERRITOIRES FRANÇAIS DU SUD,Lebrun
5791,"540, rue de Leduc
4570 Guyonboeuf
CAMEROUN",Informatique,Doloremque molestiae libero et nobis sequi.,Hardy S.A.,Voluptas magni doloribus ab voluptatem et ullam aut. Nostrum fugit libero nesciunt est labore ut.,Diane Voisin-Samson,stage ouvrier,A2014,Porro et non aperiam quaerat.,Pauline Barthelemy-Regnier, , ,HONDURAS,Loiseau-les-Bains
3190,"37, boulevard Nicolas Sanchez
570 Grondin
TOKELAU",Informatique,Qui sunt provident aperiam sed aut ipsam.,Torres S.A.R.L.,Ad sunt eveniet pariatur ut provident rerum. Vero dicta quis nihil qui voluptatum. Dolorem enim quasi cum assumenda aliquam sint.,Emmanuelle de la Denis,projet de fin d'étude,P1971,Autem quaerat fugiat et velit alias aut nihil.,Gabriel Cousin, , ,GRENADE,Joseph-la-Forêt
1505,"rue Bouvet
442 Bonnet-sur-Dupuis
ARABIE SAOUDITE",Informatique,Asperiores voluptatem doloremque suscipit id dolorem.,Bouvet SARL,Id quasi ut voluptas nulla non ea. Possimus consequatur sunt ab facere. Illo nihil culpa velit numquam et animi harum. Nihil illo nostrum ipsum repellendus aut.,Arnaude Julien,stage ouvrier,A1977,Aut fugiat asperiores quia veniam soluta.,Isabelle Marchal,x, ,JORDANIE,Payet
1701,"avenue Mercier
4217 Delmasdan
GÉORGIE",Informatique,Id facilis magnam vel veniam.,Chretien Dumas et Fils,"Quam dolorum facere non. Consequatur ea explicabo reiciendis quasi.
Corrupti illo quia quam voluptate quis dolorem quaerat. Voluptatem explicabo quis numquam. Beatae ea quia molestiae.",Denise Masson,ouvrier,P1995,Veritatis impedit voluptatem tempore aut.,Zacharie Boucher-Colin, , ,COSTA RICA,Rossi-les-Bains
9334,"74, boulevard Alexandre David
3805 Vaillant
FIDJI (RÉPUBLIQUE DES)",Informatique,Soluta quod mollitia dolorum.,Guibert,Ipsam voluptates fugiat libero quae vel et. Voluptas quo qui facilis labore dolor. Modi laudantium corporis et adipisci. A dolorem id voluptates dolore sint eos.,Agathe-Bernard Nicolas,stage ouvrier,A1991,Omnis dolorem tenetur voluptates quidem aut.,Françoise Da Silva,x, ,SAINT VINCENT ET LES GRENADINES,Pichon
9057,"78, rue Delaunay
6995 Ribeiro
AFGHANISTAN",Informatique,Omnis veniam dolorem rerum eos optio dolor.,Gilbert Moreno S.A.S.,Itaque cum omnis sed itaque perferendis. Ut expedita et qui mollitia. Velit cumque aliquid quos. Laudantium repellat iure sapiente quo inventore et laboriosam.,Benoît Techer,projet de fin d'étude,A1990,Ut sunt quia nulla libero enim corrupti illum.,Marianne Dupont,x, ,PAPOUASIE-NOUVELLE-GUINÉE,Devauxboeuf
1134,"avenue Alix Leduc
5003 GilletBourg
AFRIQUE DU SUD",Mécanique,Ut sapiente earum voluptatum eius quasi animi.,Raynaud,Molestiae incidunt sed et facilis sequi illo sit. Et beatae corporis labore. Veniam dolorem sapiente distinctio est. Architecto vel fuga dolore.,Odette Ledoux-Descamps,ouvrier,A1996,Repellat eos repudiandae sit accusamus est eius harum.,Frédérique du Barre, , ,LIBÉRIA,Delannoy
546,"chemin de Klein
6516 TurpinVille
VIERGES (ÎLES)",Informatique,In quas fuga quam in.,Perrier Lefort S.A.R.L.,Veritatis sint non nam. Quia amet soluta quia esse exercitationem qui. Mollitia aut distinctio ipsum minus ut est fugiat nostrum.,Noémi de Perez,ouvrier,P1976,Qui nesciunt minima et excepturi.,Claudine Seguin,x, ,BELIZE,Robin-sur-Gilbert
8176,"25, chemin Lejeune
960 Blin
DANEMARK",Informatique,Omnis natus quibusdam omnis.,Pires SA,Esse praesentium minima sit nisi dignissimos. Dolores placeat earum ex. Dolore et nihil consequatur repellat. Ut molestiae amet quae quia et laborum inventore.,Maurice Bonnin,projet de fin d'étude,A1995,Facere earum odio autem sequi animi laudantium eos voluptatem.,Xavier Leger,x,x,SAMOA,Lombard-sur-Ollivier
7439,"103, avenue Caron
4186 Leconte-sur-Mer
MAURITANIE",Tronc Commun,Quidem eaque soluta sed impedit libero pariatur.,Boulay Texier SARL,Doloremque aut autem quas laboriosam nam eos sit adipisci. Quidem nihil iusto provident ratione corporis velit. Ipsa facilis facere fuga nulla. Commodi repellat adipisci mollitia laborum ut error.,Auguste Garcia,projet de fin d'étude,P1990,Voluptate a asperiores fuga quisquam ratione quaerat.,Nath Gay,x, ,RÉPUBLIQUE CENTRAFRICAINE,Fernandes-les-Bains
6756,"19, avenue Étienne Fournier
6506 Grondin-sur-Vasseur
GUATEMALA",Mécanique,Eum dolorum eveniet aspernatur.,Lemaitre Gaillard et Fils,Cumque recusandae quis impedit. Dicta ut possimus maxime totam. Sint reiciendis veritatis rerum repudiandae reiciendis id.,Susan Valentin,stage ouvrier,P2004,Ducimus ut ut ab necessitatibus.,Véronique Ribeiro-Benoit, ,x,PAYS-BAS,ColletBourg
1278,"4, boulevard Paris
6653 Pelletier
MONGOLIE",Tronc Commun,Et non dolore quia.,Carre Poirier S.A.S.,Qui illum nihil eius error ex. Enim autem consequuntur voluptas et corporis. Non aut sunt corporis voluptatibus.,Bertrand Clerc,stage ouvrier,A1996,Voluptas sit esse earum est.,Océane Antoine,x, ,MYANMAR,Laine
7954,"50, rue Emmanuelle Gimenez
5600 Josephdan
MONTSERRAT",Mécanique,Est voluptatum deserunt quaerat in.,Bertrand,Sit et illum qui consequatur. Nostrum ipsam totam reiciendis sed quae. Optio qui hic possimus ipsum possimus. Inventore omnis similique porro rem in.,Noël Brunel,stage ouvrier,P1975,Deleniti non maxime laborum et quia minima.,Margot Gauthier,x, ,TERRITOIRE BRITANNIQUE DE L'OCÉAN INDIEN,Techer-sur-Mer
3812,"653, rue Sophie Julien
5934 Rouxdan
PARAGUAY",Mécanique,Voluptatibus et voluptas fuga voluptas nam.,Gauthier,Totam ut ex non vero. Illum sunt ut ipsam odit. Ea veniam vel magnam ut in ducimus. Minima quo libero iure quia.,Lorraine Le Lacombe,projet de fin d'étude,A1998,Vel alias adipisci sint adipisci qui molestias et repellendus.,Claudine Le Prevost, , ,NORFOLK (ÎLES),Thomasboeuf
4663,"87, rue de Boulay
2841 Le Goff
AFGHANISTAN",Tronc Commun,Dicta sed quae beatae animi aut et.,Blin,Alias esse magnam aut aut ut itaque. Consequatur ex dicta iure. Dolores eligendi beatae esse minus similique molestias ipsa.,Patrick-Jeanne Lemaitre,ouvrier,P1977,Dolor dolore ut veniam voluptas quam iste expedita.,Roland Roger, , ,FÉROÉ (ÎLES),Girard-sur-Ollivier
8070,"48, rue Potier
6397 Rousseau
GRÈCE",Informatique,Debitis earum dicta tempore.,Garnier Leduc S.A.,Architecto ratione tempora suscipit commodi odio ut officia. Consequuntur vitae accusamus rerum in debitis. Sed impedit in dicta accusantium.,Élise Joseph,projet de fin d'étude,P2008,Consequatur debitis sint vitae quam maxime.,Constance Le Gosselin,x, ,DANEMARK,Prevostboeuf
4372,"3, rue de Paris
3184 Da Costa
MALDIVES (ÎLES)",Tronc Commun,Ut saepe sapiente laboriosam fugit et aut.,Begue SA,Ratione ut qui repellat qui esse. Sunt tempore qui aut id fugiat fugit. Quibusdam totam aut maiores nihil aspernatur dolore quibusdam.,Margot Gros,stage ouvrier,P2008,Voluptatem aut dolorum ab ab.,Maurice Hoareau, , ,GABON,Bertrand-les-Bains
1200,"20, avenue de Renaud
248 Ollivier
SINGAPOUR",Informatique,Dolores dicta exercitationem cumque iste nostrum voluptatem velit.,Schmitt Rolland S.A.,Ratione neque accusamus quaerat. Animi deleniti minus molestias iste vel ipsam. Consectetur dolor id non nesciunt eveniet distinctio architecto.,François Masson,projet de fin d'étude,P2007,Tenetur aspernatur iure tenetur nulla distinctio omnis aperiam.,Christelle de la Bonneau, ,x,SAMOA,Gonzalez
5293,"rue de Lemaire
6428 Chauvindan
KOWEIT",Informatique,Odit sequi ex in et.,Hubert Bernier SA,Nobis itaque velit et tempore. Harum consequuntur sit quia ex cupiditate debitis ad hic. Ut doloribus hic corrupti molestiae qui sit eaque eum.,Élise Vidal-Lecomte,stage ouvrier,P2013,Nisi repellat animi repellat.,Stéphane Marechal,x, ,URUGUAY,Jacquet
9302,"94, boulevard Isabelle Maillet
2004 AntoineVille
LUXEMBOURG",Mécanique,Qui autem assumenda assumenda.,Jourdan S.A.S.,Laboriosam consequatur ut omnis sit deserunt eum. Praesentium quo qui unde autem. Velit quia pariatur at commodi. Commodi perspiciatis quibusdam tempora voluptatem doloremque doloribus.,Bernard Gomez,ouvrier,P1972,Numquam aut architecto quam magnam in quis ut alias.,Margot Parent, , ,ÉTATS-UNIS,Moreau
8229,"94, rue de Parent
4362 Charriernec
SÃO TOMÉ ET PRÍNCIPE (RÉP.)",Informatique,Est eos impedit blanditiis.,Lacombe et Fils,Magni minus enim explicabo iure accusantium. Voluptatem vel voluptatem voluptatibus nesciunt quam. Dicta molestiae placeat quos autem a. Vel fugiat et molestias omnis qui earum.,Capucine Payet,stage ouvrier,A1995,Minima harum suscipit molestias voluptas eveniet excepturi et deserunt.,Adrien du Ferrand,x,x,KENYA,Baudrynec
1989,"30, chemin de Perrier
3545 Prevost-les-Bains
AUSTRALIE",Informatique,Et aliquid laborum omnis facilis.,Riviere,Qui alias consectetur molestiae est in. Repudiandae recusandae et et asperiores qui. Est non et ab eum. Aspernatur voluptas ipsam sapiente eum.,Michèle Pelletier,projet de fin d'étude,P1978,Quis quia debitis beatae in sit est magni.,Marianne Guyon,x, ,ÉGYPTE,Etienne
9005,"64, boulevard de Bailly
738 Poulain
MALI",Informatique,Quam enim beatae adipisci quis est.,Lacombe,Dolor ea voluptates incidunt minima aut ratione et. Deserunt repellat nostrum adipisci. Officiis a amet id.,Richard Rocher,stage ouvrier,A2003,Et sint est natus sunt.,Cécile Denis,x, ,ISRAËL,Delmas
8894,"146, boulevard de Gomez
6398 Fournier
TUNISIE",Informatique,Odit eum in eum sint rerum totam.,Leveque S.A.,Ut aut consectetur eius nihil voluptates. Sunt nam voluptas cum et. Fuga pariatur at mollitia pariatur aut.,Amélie de Baron,ouvrier,A1982,Doloremque aliquid voluptas minus facere optio voluptatem quo.,Augustin Blanc, , ,BRUNEI,Blanchardboeuf
5141,"9, chemin Marianne Gautier
3492 Marchaldan
ANTARCTIQUE",Mécanique,Facilis dolore vel aliquam ut voluptas quae.,Cordier Besnard S.A.R.L.,"Eligendi numquam voluptas ipsam harum expedita aut. Quaerat officia itaque reiciendis.
Ipsum nam voluptatibus rerum quo dicta illo. Unde tempora sint aut molestiae.",Emmanuel Faure,ouvrier,P1978,Quis sed non ut iusto est totam voluptatem sint.,Nathalie Collin,x, ,BELGIQUE,Hebert
8071,"63, chemin Colin
6606 Gaudin-sur-Mer
SYRIE",Tronc Commun,Earum molestiae in dolorum dolorum doloribus delectus.,Couturier,Sed nulla quia occaecati eos sed voluptatem ab. Vitae nisi facilis aliquid dolore impedit. Sint commodi ut accusantium repudiandae sit assumenda non.,Émile Labbe-Guyon,stage ouvrier,P2001,Facere tenetur qui ad mollitia tempora laboriosam aut.,Michelle Paul,x,x,NOUVELLE-ZÉLANDE,Paul
3980,"57, boulevard Martel
3801 Lebrun-la-Forêt
ANTIGUA ET BARBUDA",Informatique,Omnis delectus itaque eum.,Delahaye,Explicabo quia laudantium a sint inventore molestiae. Amet sed rem quae similique beatae. Deleniti assumenda impedit est officia doloremque dolorum id.,Patrick-Antoinette Guillot,projet de fin d'étude,P1996,Accusantium est sint mollitia maxime.,Alex Pages,x, ,GIBRALTAR,Le Goff
3572,"13, rue Gillet
4102 Guilbertdan
TOGO",Mécanique,Inventore soluta et quasi magnam eligendi.,Blot,Soluta culpa corporis incidunt atque quod enim dolor. Voluptatibus similique illo sunt at. Accusamus expedita ad exercitationem molestiae deleniti.,Françoise Marechal,ouvrier,A1999,Magni provident libero facilis distinctio natus.,Robert Henry, , ,YOUGOSLAVIE,Legernec
5239,"rue Fontaine
4435 Bonneau-sur-Samson
MACAU",Informatique,Reiciendis recusandae non et itaque ut.,Laurent,At animi consequatur dicta in voluptatibus. Quidem esse eum est voluptatem voluptas vel at.,Gabriel Le Gall,projet de fin d'étude,A2000,Ipsa cumque et vero facilis corrupti voluptatem.,Georges Lebreton,x, ,CHILI,Gallet
106,"118, chemin de Louis
1286 Gaillard
GABON",Tronc Commun,Voluptas totam ex quasi accusamus aut ea.,Carre Neveu et Fils,Odio et tempora eaque. Ipsa animi enim cupiditate modi. Et quae in provident sit quis. Ipsa velit fugiat dolores officiis. Magnam voluptas asperiores quis fuga aperiam consequatur.,Joseph Vidal,projet de fin d'étude,P1984,Sunt quia repellat dolores ullam nam.,Alexandre Arnaud,x,x,LESOTHO,Hubertboeuf
8649,"7, rue Théodore Mace
1020 Louis-sur-Thierry
VANUATU",Tronc Commun,Voluptatem consequuntur voluptatem sunt ullam iusto aut.,Perrot,Quia doloribus quia dolorum fugiat omnis atque animi. Aliquam maiores eum molestiae temporibus architecto fugiat laudantium.,Arthur Rodrigues,stage ouvrier,A1990,Iusto ipsum aliquid enim harum libero et et iure.,Emmanuel Perrin,x,x,ANTILLES NÉERLANDAISES,Jourdanboeuf
655,"44, boulevard André Ruiz
1948 Lesage
BELIZE",Mécanique,Et velit suscipit itaque omnis voluptatem quo.,Morel,Quasi commodi sit itaque voluptatem ullam fugit architecto. Nobis quis qui expedita enim. Nostrum non nisi alias et consectetur rerum alias.,Nath Fabre,projet de fin d'étude,P2008,Vero dolores alias error harum harum ipsam in fuga.,Antoinette Julien,x, ,NIGER,Boyerboeuf
1598,"9, chemin Théodore Buisson
5397 Poirier
ÉGYPTE",Informatique,Provident quae non facilis ea aut.,Perez Voisin SA,Libero id at non. Est pariatur eos et odio. Ut pariatur sunt eos nulla qui earum deleniti. Et qui non non placeat aspernatur.,Christiane Boutin,projet de fin d'étude,P2002,Soluta in id asperiores ut vitae.,Christine Daniel,x, ,BRUNEI,Bouchetdan
2805,"49, rue Gaillard
3797 Perez
GÉORGIE",Mécanique,A repudiandae nostrum qui animi qui ut.,Deschamps Thomas S.A.S.,Enim qui omnis est et consequatur quisquam. Non eius qui tempore at fuga aut adipisci. At consectetur illum et. Asperiores quibusdam voluptatibus dolorem.,Alice Hebert,projet de fin d'étude,P2012,Excepturi earum mollitia nam est.,Jeannine Deschamps,x, ,CORÉE DU NORD,Roy-sur-Lemonnier
8304,"49, chemin de Collet
1822 Perret-sur-Godard
ANTARCTIQUE",Mécanique,Et ullam adipisci sunt culpa excepturi.,Clerc S.A.,Cumque est inventore omnis odio hic id quisquam. Minus ab odit architecto dolorum facilis. Dolores dolor repellendus laboriosam vel pariatur nemo inventore.,Maryse Diaz,projet de fin d'étude,P2010,Harum sit natus corrupti.,Olivie Pires-Peltier,x, ,SLOVÉNIE,Marion-les-Bains
4383,"7, avenue Christiane Becker
4817 Dufour
BELIZE",Informatique,At quas et aut accusantium adipisci.,Schneider S.A.S.,Sunt blanditiis neque qui reiciendis aut qui illo. Voluptas harum non excepturi reprehenderit officia. Quia neque dolore cum aut voluptatem sint. Sunt libero est autem et molestias repellat.,Laurent Marion,projet de fin d'étude,P1989,Est occaecati qui deserunt blanditiis eveniet repellendus.,Daniel Mary,x, ,SINGAPOUR,Leroyboeuf
8252,"609, chemin Evrard
1880 Faivre
SÉNÉGAL",Informatique,Quibusdam sit magni officia perspiciatis commodi.,Gay,Accusamus officia dicta omnis rerum cupiditate. Quisquam hic quasi voluptas aspernatur ut sed.,Julie Alexandre,stage ouvrier,P1999,Rem explicabo autem odit necessitatibus tempora non.,Cécile Dupuy,x, ,CHILI,Goncalves
1102,"rue de Reynaud
2639 WeberBourg
DOMINIQUE",Mécanique,Rem tenetur ut eius et.,Boulanger,Sed nemo provident recusandae quis voluptas cumque facere. Eos sit dicta et provident tempora. Sint velit id ullam. Dolor est quaerat cum aut occaecati sit quod mollitia.,Nathalie Samson-Adam,projet de fin d'étude,P1983,Quae rerum in suscipit quod qui est.,Auguste Martins, , ,MARTINIQUE,Lucasboeuf
1021,"70, boulevard Thibault Durand
6738 Payet-sur-Mer
BURUNDI",Mécanique,Sit deserunt exercitationem sed est.,Guyon,Tenetur cum illo autem dolor. Nobis unde distinctio non reiciendis doloribus atque quia. Voluptas sit optio qui aut rerum qui tempora corporis. Enim magnam maxime aut natus hic nulla vel.,Guillaume Fournier,stage ouvrier,P1991,Sed id ut officiis harum.,Simone-Christophe Fouquet,x, ,BAHRAIN,Chartier
4241,"55, avenue Amélie Masse
6294 Langlois
COOK (ÎLES)",Mécanique,Et amet laudantium in.,Perrin,Dolores distinctio quia perferendis. Nam quia nam debitis tenetur placeat accusantium consequatur maxime. Aspernatur autem omnis iure itaque debitis fugiat molestias dolor.,Brigitte Bernard,projet de fin d'étude,P1998,Facilis est placeat nesciunt rerum dolore.,Caroline Leleu,x, ,PORTUGAL,Morvan
7837,"44, boulevard Evrard
1599 Guilbertdan
CAYMAN (ÎLES)",Tronc Commun,Ullam et adipisci provident.,Dias,Dicta impedit officiis itaque dolorem doloremque vero. Itaque officia in consequatur ipsam ut. Rerum quis sint repellendus doloremque cumque nobis repellat ipsum.,Théodore Merle-Caron,ouvrier,P1973,Voluptatibus adipisci qui reiciendis minus.,Gabrielle Martel,x, ,CAP VERT,Berthelot
6877,"rue Arnaude Wagner
112 Lelievredan
SAMOA",Tronc Commun,Dolores in occaecati quia.,Alves Traore S.A.R.L.,Quis deserunt sit laudantium aliquid. Assumenda aut ea qui inventore. Dicta cupiditate et exercitationem. Eveniet sit ut quam nesciunt nobis quaerat.,Noémi Renard,stage ouvrier,P1986,Debitis aperiam qui et asperiores voluptatem incidunt.,Louis Cousin,x, ,ÉTATS-UNIS,Evrard
8272,"93, avenue Benard
6424 Caronnec
NICARAGUA",Tronc Commun,Dolor aut non neque dicta inventore repellat.,Michel Rousset et Fils,Voluptatem velit incidunt eum facilis ea. Voluptate veniam aliquam porro id dolores. Laborum aspernatur nulla sunt et aliquam quia similique.,Adèle Marie,stage ouvrier,P2009,Itaque voluptas delectus veritatis nobis.,Mathilde Pereira, , ,SUISSE,Dias
3679,"35, boulevard Gaillard
1391 MartinezBourg
CÔTE D'IVOIRE",Informatique,Dolorem asperiores qui et magnam occaecati.,Guillot,Quos quia magnam omnis aut asperiores. Sequi sit saepe laboriosam non architecto. Aut mollitia rem iure rerum.,Zacharie Da Costa-Diallo,ouvrier,A1972,Fugiat necessitatibus voluptas qui.,Olivie de Weber, , ,GAMBIE,Michel
5385,"2, rue de Da Costa
6917 Lacroix
SUISSE",Tronc Commun,Voluptas sit consequatur est exercitationem vel molestiae.,Boulanger,Dolorum veniam sunt atque nobis earum rerum. Et velit adipisci omnis et qui odio expedita. Dolor maxime fugit qui et enim quod.,Constance du Garnier,ouvrier,P2010,Consequatur veritatis est aliquam.,Gilbert Le Fernandes, , ,CHYPRE,Goncalvesdan
5131,"avenue Payet
6218 Francois
TERRITOIRES FRANÇAIS DU SUD",Informatique,Magnam ipsa officiis quae.,Barbe,Laudantium facilis error corporis aut. Dolorem consequatur eveniet doloremque assumenda vel nemo beatae. Laborum qui odio nihil maxime.,Marcel Barbe,ouvrier,A1982,Sunt quibusdam et suscipit et molestiae dolorem.,Laetitia-Audrey Merle, , ,PAKISTAN,Dupreboeuf
9044,"avenue Dijoux
4420 Antoine
ZAÏRE",Tronc Commun,Ea ut ea minima ut.,Baudry,Rem qui dolor quia ratione animi. Quisquam illo suscipit autem ullam recusandae esse ipsum. Rerum ullam temporibus accusamus est aspernatur quo vel. Rerum atque aut iusto omnis non sunt.,René du Bonnet,stage ouvrier,P2009,Consequatur nihil quae temporibus ut.,Dominique Rodriguez-Aubert,x, ,PHILIPPINES,GuyotVille
2958,"334, chemin Joséphine Morin
1931 Humbert-les-Bains
MOZAMBIQUE",Mécanique,Perferendis voluptatem quasi quia est.,Marty S.A.S.,Esse impedit reiciendis eaque qui quidem. Provident et nesciunt magnam error quibusdam dolores porro. Qui assumenda est dolores dolor.,Thomas Poirier,ouvrier,A2010,Quis temporibus quia illum expedita.,Luc Duval-Lefort,x, ,JAMAÏQUE,Munoz
5998,"31, chemin Édouard Couturier
1510 Chevallier
KOWEIT",Mécanique,Laboriosam voluptatem fuga quo asperiores illum tempora.,Lopez,Perferendis et soluta ducimus praesentium totam unde. Nihil mollitia eligendi impedit cumque atque incidunt et. Dolor est quia ea.,Marine Prevost,ouvrier,P1996,Incidunt libero nemo placeat.,Martin Poirier,x, ,ZAÏRE,Lagarde-sur-Mer
5103,"64, avenue de Pruvost
2644 Rey-la-Forêt
ARUBA",Mécanique,Aut eligendi quo et.,Vasseur S.A.S.,Modi veritatis in maxime fugiat sint laboriosam molestiae. Fugiat excepturi ut eligendi minus. Aspernatur impedit nam quos dignissimos ex quae. Cumque debitis provident ut rerum.,Josette de Aubry,stage ouvrier,P2003,Voluptatem ipsum est eos suscipit.,Nicolas Merle,x,x,MONGOLIE,Pires
